{"cameraMode":{"drawMode":0,"name":"Shaded","section":"Shading Mode"},"sceneLighting":true,"audioPlay":false,"sceneViewState":{"m_AlwaysRefresh":false,"showFog":true,"showSkybox":true,"showFlares":true,"showImageEffects":true,"showParticleSystems":true,"showVisualEffectGraphs":true,"m_FxEnabled":true},"in2DMode":false,"pivot":{"x":545.7842407226563,"y":19.96046257019043,"z":175.59561157226563},"rotation":{"x":-0.0000642158993287012,"y":0.9974411725997925,"z":-0.0018091427627950907,"w":-0.07224495708942414},"size":12.124356269836426,"orthographic":false}